,X1,X2,label
0,0.29573992987509556,0.08496544252676669,0.0
1,0.07151613886816338,0.2818963206129926,0.0
2,0.16799172229376252,0.24282944313325205,0.0
3,0.007918874456447733,0.4817555290143672,0.0
4,0.10015572132328276,0.4475924587996932,0.0
5,0.18501608173516504,0.15357164129912854,0.0
6,0.18285400726984608,0.0453120933716612,0.0
7,0.2645465296888224,0.4720160066169152,0.0
8,0.41069375420180504,0.4171074035159019,0.0
9,0.3455022187554497,0.26292815777976,0.0
10,0.21182132959659383,0.03305562211926594,0.0
11,0.22471318968502496,0.365745173039871,0.0
12,0.4247097020101043,0.40682373692409973,0.0
13,0.005688506515222902,0.24433535295819386,0.0
14,0.4090366044401076,0.16767539398672165,0.0
15,0.36605987513595967,0.0033418336540331772,0.0
16,0.1415552924168743,0.3944401787039128,0.0
17,0.4643181483848523,0.17236227581722324,0.0
18,0.2790589011662431,0.23381483932998293,0.0
19,0.4184774972049196,0.3010275856964107,0.0
20,0.33004860584728296,0.4145873411768155,0.0
21,0.47705073083354554,0.34299960064968726,0.0
22,0.09675466333273397,0.13190065294589348,0.0
23,0.4326587698603516,0.23303917596508172,0.0
24,0.0684472652828359,0.20300990457131662,0.0
25,0.2784886934395191,0.3896372131244329,0.0
26,0.3434936259779943,0.12736982950402825,0.0
27,0.2969235905386264,0.24043109150090192,0.0
28,0.3071094748252174,0.018647598659685904,0.0
29,0.3409152048518673,0.28542349213852497,0.0
30,0.22382698995748546,0.480126947250958,0.0
31,0.13357686831336607,0.36432337417265953,0.0
32,0.14813995485991432,0.2506364723520482,0.0
33,0.19275389492850126,0.01130700843328969,0.0
34,0.027898454891073232,0.45185264149938503,0.0
35,0.14731126629281527,0.44435276705288324,0.0
36,0.1590211783294354,0.4714152317108882,0.0
37,0.0682167029327968,0.10970647616638274,0.0
38,0.344655312547281,0.2823098829745443,0.0
39,0.37060282933677063,0.4593162385919488,0.0
40,0.02247980913786002,0.4384423718235753,0.0
41,0.15524714016959662,0.20939800276514864,0.0
42,0.05193518914180323,0.34700928975799405,0.0
43,0.2617571047370167,0.4749041241819097,0.0
44,0.40675084462652306,0.4000819492701416,0.0
45,0.26325896274994676,0.10786637089524054,0.0
46,0.05857422088556147,0.39589449124637927,0.0
47,0.09368728612575233,0.2441334951970332,0.0
48,0.4416881207933135,0.29800712014446135,0.0
49,0.36893524070701883,0.27756924616879763,0.0
50,0.21288299176102504,0.3234894856195207,0.0
51,0.3361808581463472,0.36027277314075423,0.0
52,0.3450305997333511,0.39624596633643216,0.0
53,0.2529701120316969,0.338655778048182,0.0
54,0.04959840504441304,0.37395927303858606,0.0
55,0.4030558175549875,0.07822510813104572,0.0
56,0.07245440301249523,0.24847164326719834,0.0
57,0.0065597497359138335,0.007309102203111706,0.0
58,0.23528355698259118,0.18421099141524166,0.0
59,0.08894508167622428,0.08943889528205456,0.0
60,0.3934335715662588,0.2965182326590201,0.0
61,0.05836037578413056,0.30558476134103335,0.0
62,0.39319395218586006,0.17984386429649907,0.0
63,0.015908968638142063,0.03850301423407293,0.0
64,0.3218991488133664,0.19444125196034528,0.0
65,0.4451572129323543,0.4610536486547198,0.0
66,0.07126649958729553,0.20743285127545774,0.0
67,0.4672030746616259,0.0852425286664849,0.0
68,0.17877662266249933,0.4965516767348678,0.0
69,0.3957909710101766,0.017752343481136412,0.0
70,0.23931327355029425,0.16179002141421128,0.0
71,0.1257223250291849,0.28497758068433326,0.0
72,0.37616501132847957,0.20268440535638071,0.0
73,0.3605477557212842,0.13797437627487513,0.0
74,0.2045238450751461,0.4303016302218755,0.0
75,0.28239189048286134,0.23305681563182762,0.0
76,0.01716781216015817,0.04853745589685754,0.0
77,0.21445389810901527,0.08358449807514734,0.0
78,0.22801961492748585,0.1334498958297849,0.0
79,0.04770823636553145,0.19137597163376718,0.0
80,0.21614691542380587,0.23930654467547768,0.0
81,0.04166031810112658,0.44270574665583434,0.0
82,0.34389142853623733,0.4925910427661334,0.0
83,0.08612674788445851,0.08122713962891015,0.0
84,0.15540284592081793,0.08552522746965335,0.0
85,0.25546289312721265,0.21360443972886012,0.0
86,0.3526544909033305,0.2950517615727824,0.0
87,0.455837715219737,0.10417288741378095,0.0
88,0.2779238067522076,0.346879697514322,0.0
89,0.19526583926544483,0.3071998639126666,0.0
90,0.149915161816146,0.46503877671838,0.0
91,0.3277878012645114,0.3563031180173721,0.0
92,0.3767159927398069,0.2646772915738353,0.0
93,0.2828655139872194,0.0880121431231819,0.0
94,0.39611774314655296,0.48355461008069994,0.0
95,0.2661379816365253,0.2916766337430972,0.0
96,0.23577437871816653,0.44622329569941216,0.0
97,0.2972081228534274,0.4239178584244651,0.0
98,0.2043177942080039,0.0017070536786072399,0.0
99,0.11656804976774005,0.016554643425141014,0.0
100,0.46009568366910114,0.3503628500081358,0.0
101,0.1112183863973541,0.1765377559075541,0.0
102,0.3116200191793058,0.2687176878395203,0.0
103,0.00873289270996419,0.21824752458131141,0.0
104,0.358476630159494,0.27106154471234056,0.0
105,0.011437677153274206,0.05172854879284017,0.0
106,0.10952334259750268,0.39547026845533795,0.0
107,0.08684817631261871,0.2651235384817058,0.0
108,0.12275708170760558,0.49933032366974434,0.0
109,0.1291390368324149,0.07511590166754473,0.0
110,0.40183805276626167,0.3022787820934294,0.0
111,0.04124530807080723,0.07481538686084455,0.0
112,0.26631007857775857,0.3070021762347213,0.0
113,0.338844045673832,0.3041903486028607,0.0
114,0.05028993025587031,0.31838847351461114,0.0
115,0.2047127193465617,0.3384921102766045,0.0
116,0.3816593995517814,0.009305109944339529,0.0
117,0.373899986120462,0.2914368379844384,0.0
118,0.32268341672366896,0.47075976652528556,0.0
119,0.14186561732113884,0.05876497857620566,0.0
120,0.4207975061525641,0.39106393756801205,0.0
121,0.29924643196429646,0.47958699517539094,0.0
122,0.47504530688629387,0.22633764097498027,0.0
123,0.16898649519024483,0.03699519909633764,0.0
124,0.29714515709959954,0.4052576226769143,0.0
125,0.3014130117137584,0.2339334980181732,0.0
126,0.4352199261142899,0.09683469294283853,0.0
127,0.4886934250687112,0.3394761383247666,0.0
128,0.05654756334667721,0.3644702438491835,0.0
129,0.26497994264287505,0.006212842492439807,0.0
130,0.04990889448385816,0.11775473467772585,0.0
131,0.11255791352010397,0.17019438382556817,0.0
132,0.3278151755337901,0.37690595783700914,0.0
133,0.02729462621305445,0.4788816436520522,0.0
134,0.16201977060094053,0.021167297171452937,0.0
135,0.3500321924220564,0.2874370624431894,0.0
136,0.08948648767966194,0.09045797231536368,0.0
137,0.09636894469157109,0.08164548072069033,0.0
138,0.34302689099330563,0.48948277896363984,0.0
139,0.24334933975616885,0.3981071126150614,0.0
140,0.4186037280936095,0.46680342109649847,0.0
141,0.2626245566121609,0.08202440020530605,0.0
142,0.18597679694255975,0.40044782769595494,0.0
143,0.4310445485631744,0.07851012243668448,0.0
144,0.3821699234579043,0.17258147613092972,0.0
145,0.005608672405194304,0.3446283943687485,0.0
146,0.4775876354885517,0.044998545109434684,0.0
147,0.48737217765802443,0.4324611467290746,0.0
148,0.23683018056895394,0.22310160793320216,0.0
149,0.16084275489710592,0.4803901400466269,0.0
150,0.23632746517026082,0.19058591130770985,0.0
151,0.284473585777842,0.2564052135987319,0.0
152,0.09717104649195274,0.2305957381099621,0.0
153,0.44216673399248857,0.12516306306538244,0.0
154,0.1252638972795183,0.1971119463680734,0.0
155,0.28846163539828146,0.14564096203313975,0.0
156,0.28644984362381204,0.189861344598943,0.0
157,0.40998639094791317,0.02547427087771431,0.0
158,0.1493964702136889,0.43376586510557424,0.0
159,0.41137864391225465,0.07592919317940017,0.0
160,0.44014095336586384,0.05246058570395318,0.0
161,0.19134235993999116,0.27442640921133543,0.0
162,0.22625992667056777,0.10245880385358386,0.0
163,0.21350785378768278,0.3682466842491745,0.0
164,0.2760242999056422,0.1053471234912362,0.0
165,0.4827908942280723,0.3138835676881614,0.0
166,0.317767244280402,0.20134909171593773,0.0
167,0.44470570025187667,0.27817386649882864,0.0
168,0.4720579104430195,0.4333863839862065,0.0
169,0.06251397837276473,0.3567007034934366,0.0
170,0.22169670884020437,0.043807118788149524,0.0
171,0.17799650609036072,0.3153553365423514,0.0
172,0.1788305375438361,0.0878508281257156,0.0
173,0.0750613913110495,0.33911105008774056,0.0
174,0.19170247142365077,0.2848424660111303,0.0
175,0.3695855243584702,0.47866161169737337,0.0
176,0.2789748247186776,0.02023995137394602,0.0
177,0.17560244899505362,0.1725451438141241,0.0
178,0.2779485043232519,0.3696034878941264,0.0
179,0.22609496622037517,0.011279499094590861,0.0
180,0.46455370138254615,0.30838795701313515,0.0
181,0.17989711880843157,0.40168996245012967,0.0
182,0.38471311078543,0.04261174054500266,0.0
183,0.3263274418554513,0.473272316024216,0.0
184,0.22137371494634367,0.09018621252269449,0.0
185,0.4098746024304827,0.25188890840827716,0.0
186,0.084807960786344,0.289015906005914,0.0
187,0.24465478960254922,0.42193828180373666,0.0
188,0.29837934721325005,0.18934553064347304,0.0
189,0.3144979030230534,0.3023588125745693,0.0
190,0.08028684654492874,0.4544911369922697,0.0
191,0.4798029948365994,0.04016921897404446,0.0
192,0.3206929616801229,0.04538342353604452,0.0
193,0.3468596949905466,0.11807038210971066,0.0
194,0.17949874622395906,0.2024189850498685,0.0
195,0.23089242040786362,0.23113411520888683,0.0
196,0.1613654773962937,0.25808537592828895,0.0
197,0.36556363505470957,0.12248189305510859,0.0
198,0.08474661146197826,0.40330313246456484,0.0
199,0.24765083783892883,0.08004185683241383,0.0
200,0.3218682869568838,0.08535320994864443,0.0
201,0.4870389282228325,0.1791223418228594,0.0
202,0.49879333614215093,0.21093581091987845,0.0
203,0.08476881872928471,0.21369364281931125,0.0
204,0.23521364653957744,0.0689220630265453,0.0
205,0.06396463141475844,0.19442023731473462,0.0
206,0.4547436595437083,0.2170603986406151,0.0
207,0.05313904166676281,0.23312719135908755,0.0
208,0.3597205646799556,0.14344207043985618,0.0
209,0.03408966852550688,0.20903157947021683,0.0
210,0.42243379027821515,0.4964216817554501,0.0
211,0.3821595686265511,0.05358935580199192,0.0
212,0.15279116612048915,0.36411033153772243,0.0
213,0.44636600981764074,0.059534555386327404,0.0
214,0.1209689881786995,0.10123562182767598,0.0
215,0.3956084512771488,0.4116491678655491,0.0
216,0.2762419883695191,0.41175048111453394,0.0
217,0.47118804999341696,0.157583109420174,0.0
218,0.09671277667285749,0.3899783755088102,0.0
219,0.4228404581090789,0.40494584379127135,0.0
220,0.18136036204585165,0.4325006161148297,0.0
221,0.2312230894129071,0.42958958748492243,0.0
222,0.0027897897067156174,0.4163736557918129,0.0
223,0.4448534329348322,0.35526086644164867,0.0
224,0.21312228644528497,0.25620793855498564,0.0
225,0.3093373067849951,0.14479973730029666,0.0
226,0.24599703262701134,0.14294120543184574,0.0
227,0.3031502964989608,0.16142899014877532,0.0
228,0.0071557175961621255,0.11351974824680489,0.0
229,0.215028637049465,0.4340275327507258,0.0
230,0.4067321009173151,0.2509305152211382,0.0
231,0.3728102290333823,0.10436483057585366,0.0
232,0.4559610426983217,0.379399057683586,0.0
233,0.14793064694401498,0.254163507548964,0.0
234,0.11302834603809381,0.038904843852260396,0.0
235,0.46589439426436974,0.10874169505237408,0.0
236,0.11227672573558123,0.2183266428001026,0.0
237,0.476050677282995,0.3176167262553995,0.0
238,0.23174540075680322,0.1533362898706067,0.0
239,0.4177471422571137,0.303490792780141,0.0
240,0.44161584962616174,0.45093393124050823,0.0
241,0.05700502235151139,0.44865938537261474,0.0
242,0.2864725973568916,0.18676402973155198,0.0
243,0.05566332215826103,0.18457009468093627,0.0
244,0.044995892121549586,0.4114999251160639,0.0
245,0.15964808291646432,0.30263136334233326,0.0
246,0.15951195609656826,0.3215870814854185,0.0
247,0.261525387330083,0.44078150314683345,0.0
248,0.29577262628761775,0.14907499696115006,0.0
249,0.2840832010952198,0.45036794991164086,0.0
250,0.5945628049051346,0.5590088081105973,0.0
251,0.6520390889136267,0.9202253958714957,0.0
252,0.9646683680580062,0.5471127886899577,0.0
253,0.709798243471546,0.831925051010975,0.0
254,0.5160172321514214,0.7167297198468874,0.0
255,0.7082198420767316,0.7546127522584483,0.0
256,0.6493302818866863,0.639300881229208,0.0
257,0.9848703426567237,0.8331367881062295,0.0
258,0.9942359770211557,0.5173774870946573,0.0
259,0.7876598430805217,0.805984094806331,0.0
260,0.9071799381285802,0.7584935885881369,0.0
261,0.5068294374410599,0.5949729342335033,0.0
262,0.6450951423835511,0.9269722048430405,0.0
263,0.6185767073606818,0.5444923737624876,0.0
264,0.8998041278482833,0.9730207858141028,0.0
265,0.5108248436450138,0.8095217316572354,0.0
266,0.9322191817656227,0.5943288266818594,0.0
267,0.6742611314298401,0.9007987738513137,0.0
268,0.86614894825609,0.9938417985900537,0.0
269,0.5916679465397012,0.9284076463613866,0.0
270,0.5640908711465313,0.9670624555960674,0.0
271,0.8468560109039887,0.8644732350458368,0.0
272,0.6652464080101284,0.5613590234413969,0.0
273,0.6109587681225145,0.8073837764223053,0.0
274,0.9480273300119524,0.891746984517217,0.0
275,0.7069946684581985,0.6686717436247691,0.0
276,0.9121294921816827,0.8586077420618523,0.0
277,0.5418982310420943,0.6197449854669161,0.0
278,0.9717666328166026,0.6784205594045722,0.0
279,0.7822017008889678,0.765664785528924,0.0
280,0.5749394091803829,0.6960474245592485,0.0
281,0.8842785556559183,0.7837370093507126,0.0
282,0.6690070551253081,0.8420938622854046,0.0
283,0.9021245991657001,0.825426638671822,0.0
284,0.6144463019949242,0.8427570238136213,0.0
285,0.8976093857740279,0.7161399258335506,0.0
286,0.9653282919078984,0.8847439794456358,0.0
287,0.9437617273549754,0.5544122575549758,0.0
288,0.6818010613199048,0.6871731844009703,0.0
289,0.7908824284061619,0.761519221045307,0.0
290,0.9227386258361728,0.8799078035146317,0.0
291,0.7244014871419422,0.8298901376035882,0.0
292,0.9804957546312689,0.976374345624407,0.0
293,0.9457387410189786,0.6615298266774385,0.0
294,0.6140102454084415,0.5874571077634942,0.0
295,0.817382092103266,0.5507588998430024,0.0
296,0.6698313019384348,0.6215500449442412,0.0
297,0.6806420979084146,0.6390755768071005,0.0
298,0.8251348736483869,0.5371371604661614,0.0
299,0.9644008529865272,0.6067268628229374,0.0
300,0.7561042130398639,0.7841194443638833,0.0
301,0.962670000649015,0.6715064908422427,0.0
302,0.8976868195959427,0.6520141906506269,0.0
303,0.8094456958745426,0.5879681335628464,0.0
304,0.5761096080484935,0.8901685925427515,0.0
305,0.8308829609677113,0.8854148076792479,0.0
306,0.7510097568015557,0.8676978528413729,0.0
307,0.9900325016768095,0.652393651291312,0.0
308,0.8892844731014669,0.9292334227456684,0.0
309,0.6109451568529367,0.9552732824441299,0.0
310,0.7182396187735547,0.6583877693315565,0.0
311,0.7947599430869967,0.8977092663801856,0.0
312,0.6125843234526642,0.7714736180773678,0.0
313,0.7592848898938438,0.6245023018078557,0.0
314,0.5279306420781822,0.5194657363466788,0.0
315,0.5832866995746695,0.6173330739482401,0.0
316,0.9348642871035271,0.5838439046879025,0.0
317,0.8994370843270199,0.8911210654462953,0.0
318,0.7484133528664849,0.7913968981768136,0.0
319,0.9296905977494689,0.7393822926275149,0.0
320,0.8780821996191992,0.7860320729644573,0.0
321,0.5103761176872801,0.7069305973668291,0.0
322,0.6517395780298567,0.5630685145798879,0.0
323,0.7748385480176793,0.9939850345665191,0.0
324,0.6502190679935844,0.8455221135237418,0.0
325,0.9997603039841823,0.5624840555783193,0.0
326,0.7976483806967425,0.8655302336674093,0.0
327,0.693640483118398,0.9975616249541157,0.0
328,0.87813468149277,0.5922134306140786,0.0
329,0.5255195289230393,0.9534425818598375,0.0
330,0.8322172032672195,0.8500611680682155,0.0
331,0.8243245466094832,0.9953650913075079,0.0
332,0.8923136795013158,0.9530407565951013,0.0
333,0.6630766454304249,0.6426633497207823,0.0
334,0.6968791435350152,0.534914690284441,0.0
335,0.9095465591438381,0.8020513671736675,0.0
336,0.6245799096980819,0.6410438531016716,0.0
337,0.9751846598463085,0.6925659369492456,0.0
338,0.6781896994155052,0.6391070935104075,0.0
339,0.5139659928129142,0.9665086031702648,0.0
340,0.7976932237657351,0.8052772252690528,0.0
341,0.9793140140421037,0.9309662875945428,0.0
342,0.6177521537605812,0.5705635924515862,0.0
343,0.9413392772286016,0.9671338999469096,0.0
344,0.7904790748502593,0.6721131188758056,0.0
345,0.5494583847206749,0.8048771668999117,0.0
346,0.6908332743785879,0.6362747761074761,0.0
347,0.8546209558421084,0.7811866621924899,0.0
348,0.5719566536566771,0.990906822752476,0.0
349,0.8199602263493804,0.8766087745086916,0.0
350,0.9108476024819065,0.9459019087301508,0.0
351,0.510813335839285,0.5778925619702666,0.0
352,0.5660226051051246,0.8184662371027992,0.0
353,0.9990153191595603,0.5075518239905676,0.0
354,0.7973977018755858,0.8311671041622686,0.0
355,0.9918595105397917,0.7010350289845735,0.0
356,0.6907310302669697,0.8012158946837926,0.0
357,0.936306226852017,0.6412826832573122,0.0
358,0.943841422619292,0.9077162508597632,0.0
359,0.6295550289809254,0.6046962286013428,0.0
360,0.5384131994481405,0.5780857305976559,0.0
361,0.9807483600745515,0.908681075403251,0.0
362,0.6378332059980503,0.8715014331265245,0.0
363,0.9812490129386187,0.8730736361194766,0.0
364,0.7937733294453746,0.8060771802548791,0.0
365,0.5033683600165116,0.9118398130709655,0.0
366,0.9865924120377247,0.9409015292949725,0.0
367,0.7756675990253736,0.5582033625813139,0.0
368,0.662014557976514,0.7810005624068908,0.0
369,0.597076107015113,0.9422884243385947,0.0
370,0.6395652001348208,0.5301599078307311,0.0
371,0.7958928557210077,0.8764471541935257,0.0
372,0.7993680780465273,0.8497000763613743,0.0
373,0.5542423726277758,0.740535012461067,0.0
374,0.5159129763059597,0.8738520699179639,0.0
375,0.8511753877002464,0.9025077077425434,0.0
376,0.7875803978408453,0.5958399833168799,0.0
377,0.9566083787948056,0.5980614486312417,0.0
378,0.846841308163069,0.566540258446023,0.0
379,0.8525184161505062,0.9528055463471943,0.0
380,0.8845190895481777,0.9524287245492287,0.0
381,0.9460762574191095,0.6043752358005279,0.0
382,0.6270597532883296,0.5974079184451977,0.0
383,0.8100052320608433,0.6319751380536862,0.0
384,0.7329551556796217,0.9565309303124508,0.0
385,0.5924978339015854,0.9550672333772079,0.0
386,0.8638861242989369,0.7826656035093225,0.0
387,0.6321643966714879,0.9264284920123764,0.0
388,0.9214431711770129,0.9319377442537471,0.0
389,0.9252146388170222,0.6564787486469097,0.0
390,0.6128287859754182,0.5446615401624781,0.0
391,0.6958650078086628,0.9287117021045372,0.0
392,0.912722367924762,0.6169447478135517,0.0
393,0.980305930913831,0.5730905169394434,0.0
394,0.7286749284563909,0.8391324184147666,0.0
395,0.9081367631143893,0.6849953581469104,0.0
396,0.8142515351029974,0.5060838301075268,0.0
397,0.9045159075810392,0.6376739266871498,0.0
398,0.5304066637958076,0.8537332676038393,0.0
399,0.7639663298092885,0.9214842399868967,0.0
400,0.6447550111559406,0.7026762552140507,0.0
401,0.974399608784701,0.9552672657914728,0.0
402,0.596178744394277,0.5085055897559598,0.0
403,0.9680750758263253,0.8961624086949918,0.0
404,0.8159630513271309,0.8862727112862191,0.0
405,0.8939261551733392,0.995259400650971,0.0
406,0.878872166310601,0.5123320030889011,0.0
407,0.8774170218035833,0.992707619817796,0.0
408,0.8230346645043609,0.9110435380103432,0.0
409,0.768691041708438,0.9528970095114523,0.0
410,0.7602638507041164,0.9614360221782308,0.0
411,0.9868907097211354,0.9335051096729794,0.0
412,0.9159861105951579,0.5907912720107387,0.0
413,0.7534658323252883,0.5915284875699445,0.0
414,0.8539912015218819,0.8923769874673435,0.0
415,0.8667019904281847,0.6407161545089697,0.0
416,0.9097827657724871,0.6114390225597996,0.0
417,0.9532094475411416,0.7056967060721506,0.0
418,0.9179915074187316,0.5893522370478474,0.0
419,0.7321089168294852,0.7257133304263096,0.0
420,0.6975957777461906,0.7616876242982502,0.0
421,0.5936327513445541,0.8776339798415851,0.0
422,0.6228622848229698,0.7984289484632805,0.0
423,0.9213035939520422,0.5146495086044742,0.0
424,0.948947939757975,0.7008540243705916,0.0
425,0.8251166382736534,0.994502547518288,0.0
426,0.5544440657424615,0.9575592180401348,0.0
427,0.6937399787474958,0.8534370948897227,0.0
428,0.9761023553715897,0.6301853354676136,0.0
429,0.7322006530177851,0.5667096223684083,0.0
430,0.6872281391386943,0.5592006342411775,0.0
431,0.9973476690623347,0.9325666209156493,0.0
432,0.854126925949956,0.661349699772513,0.0
433,0.7320793903431252,0.9858225094656423,0.0
434,0.8243170132769688,0.8027374863076421,0.0
435,0.6604099664615477,0.9335781752872805,0.0
436,0.6264662834341711,0.9855774800321783,0.0
437,0.6727554410899554,0.6424066170676992,0.0
438,0.7415037717141879,0.5231303811394112,0.0
439,0.9356418054484237,0.653345821269437,0.0
440,0.7503462815969895,0.5592483124197986,0.0
441,0.5896476172808413,0.6463359847583425,0.0
442,0.7666167553381467,0.502197196622708,0.0
443,0.7306134710344913,0.8224475311858097,0.0
444,0.7548145071449087,0.8797072220473667,0.0
445,0.5760341888351073,0.6871444296568735,0.0
446,0.882995347802455,0.5518876318040371,0.0
447,0.6906399008279115,0.9969363161255393,0.0
448,0.6270884252719852,0.8683953474937204,0.0
449,0.7845438260647721,0.5669001975375181,0.0
450,0.8137175160625083,0.7977268032858945,0.0
451,0.796541424509061,0.9879178564528985,0.0
452,0.5170583844791281,0.8632051735474122,0.0
453,0.6984846443000836,0.9218324159775699,0.0
454,0.8548624484971042,0.5063568587855689,0.0
455,0.8872874624325504,0.714173812329751,0.0
456,0.6951434011332234,0.534063386184076,0.0
457,0.7145428212544096,0.5403485151870745,0.0
458,0.7061834992802751,0.5959196703211199,0.0
459,0.8595251350487481,0.6186278699777881,0.0
460,0.9703711771942926,0.6802975935110461,0.0
461,0.9826076051446304,0.7314959854826306,0.0
462,0.5208630611367459,0.9391383370839105,0.0
463,0.8103784402964984,0.8566934707616167,0.0
464,0.742979287998671,0.5404064853071,0.0
465,0.5605412509801456,0.5883640489940976,0.0
466,0.5167202576419261,0.9373928718264515,0.0
467,0.6424124537171438,0.9544464544511763,0.0
468,0.9407846314652897,0.7002889259479455,0.0
469,0.7062716097007073,0.8739256555288941,0.0
470,0.5885922680006979,0.5610939784172986,0.0
471,0.9551149369197924,0.9138768229063543,0.0
472,0.6530655037110586,0.9056895530746405,0.0
473,0.6921261590174214,0.586744135083702,0.0
474,0.9225664313694253,0.5832535179502571,0.0
475,0.7081979976530552,0.6610433537350431,0.0
476,0.9721450095181213,0.6025063936969575,0.0
477,0.8312671569441046,0.5334462163775688,0.0
478,0.677990819245258,0.6621447175724073,0.0
479,0.9580369248695114,0.8312267821328397,0.0
480,0.7254934232686184,0.9896464482617295,0.0
481,0.7249667011946594,0.8402911887581119,0.0
482,0.5566244123470242,0.9181698930534741,0.0
483,0.8543354456338031,0.7066322047955216,0.0
484,0.9546860178579677,0.59029331644275,0.0
485,0.903545761477365,0.688812592528816,0.0
486,0.6631083746315165,0.9936397788863096,0.0
487,0.6195598769490902,0.9354221708802719,0.0
488,0.771092616110249,0.8380316616821648,0.0
489,0.693376455494592,0.8214774489572171,0.0
490,0.7067090288094593,0.7893287690766213,0.0
491,0.7148709955107841,0.8361556930622508,0.0
492,0.9996291122311298,0.8508225724086292,0.0
493,0.9427791621094236,0.5573987462077681,0.0
494,0.5087893145127402,0.8953361907959752,0.0
495,0.9424151415530195,0.5884478319522649,0.0
496,0.8806928771168108,0.9399420606893711,0.0
497,0.7378350767224604,0.9469329348930806,0.0
498,0.5578111914584183,0.9492118041461266,0.0
499,0.9694978971786938,0.61038930782494,0.0
500,0.011065430989604164,0.9614395021630198,1.0
501,0.25716918160469854,0.5751101002434051,1.0
502,0.41314059505207307,0.744696855750086,1.0
503,0.31776140106543455,0.7060324747794198,1.0
504,0.4376971750499939,0.9091578953310806,1.0
505,0.08613291245145699,0.855221395601661,1.0
506,0.4175289195404627,0.6179460247551063,1.0
507,0.08671266199815242,0.6710713684676166,1.0
508,0.08840370534788672,0.7047746033264453,1.0
509,0.1571923923338871,0.6861044929374125,1.0
510,0.4706506972953075,0.6853983326872706,1.0
511,0.26425973536341407,0.6738644849865724,1.0
512,0.18779901759986073,0.5534945619128926,1.0
513,0.40676025419526923,0.5003967188281959,1.0
514,0.22141510141961512,0.7719936235273388,1.0
515,0.48788497226612704,0.7661116808975096,1.0
516,0.1574992857713874,0.7147394948529171,1.0
517,0.49294691467712515,0.9784918679265469,1.0
518,0.476487271451569,0.6333833379235168,1.0
519,0.10877256674818181,0.6867556356803388,1.0
520,0.27179771801977687,0.6276813886061754,1.0
521,0.2684968435035585,0.8620549725872069,1.0
522,0.12926525440444958,0.5922598114156943,1.0
523,0.36003113501783324,0.894700979126827,1.0
524,0.382633184682511,0.737709676278947,1.0
525,0.28712774554626275,0.614718994130492,1.0
526,0.21469641850199261,0.7029736004028553,1.0
527,0.38632468680465976,0.6474648775024517,1.0
528,0.004607972967446805,0.8768135541502445,1.0
529,0.19823675786600325,0.9632135470036792,1.0
530,0.3362440665680218,0.9571529553165425,1.0
531,0.028046085108336394,0.7055381821005681,1.0
532,0.1934505910113964,0.7512338582618865,1.0
533,0.43869418080431305,0.8646854427397654,1.0
534,0.08650347776898942,0.5893923874263014,1.0
535,0.011733158730338755,0.619349115304763,1.0
536,0.3699883408176322,0.5122048736132487,1.0
537,0.10525247109559943,0.9845032076833751,1.0
538,0.2883283341695494,0.8714113143471706,1.0
539,0.491322172762084,0.9196664271758238,1.0
540,0.30709964324760713,0.7502748799597152,1.0
541,0.4848692168822407,0.8917399674587086,1.0
542,0.4059574087612678,0.9306859270747609,1.0
543,0.43585529435570647,0.6378648697601172,1.0
544,0.04931965750314382,0.98010988116971,1.0
545,0.253480383850892,0.8395761584129657,1.0
546,0.3023458477379194,0.7952597814724962,1.0
547,0.3534684035945269,0.67799600118397,1.0
548,0.4146451050944135,0.988627026551415,1.0
549,0.21339741544331925,0.6366842948059213,1.0
550,0.26369099332425217,0.6524781238826565,1.0
551,0.3091080695991204,0.7489337135701983,1.0
552,0.251456885561254,0.8498312470587546,1.0
553,0.23195393239126855,0.7644071203641629,1.0
554,0.36345575107074446,0.966845191522201,1.0
555,0.160817473897802,0.7630673799295415,1.0
556,0.21687282054642792,0.5680877087775489,1.0
557,0.04391395529988362,0.693527702718644,1.0
558,0.036083330467984454,0.6742040766230781,1.0
559,0.4363083004187242,0.553295020684938,1.0
560,0.042482042942819986,0.9671263898509498,1.0
561,0.27313689503979793,0.5628032923490115,1.0
562,0.16777545923278608,0.6132625049010902,1.0
563,0.009588464982706046,0.5052216147866908,1.0
564,0.21994274358204918,0.9722572021475009,1.0
565,0.3840257395307408,0.9940512067571458,1.0
566,0.23182255973855553,0.550206791465917,1.0
567,0.11354186168270891,0.5953920653922091,1.0
568,0.05051923668644681,0.7852859260170281,1.0
569,0.2809331406078686,0.6931040344097111,1.0
570,0.3881531615493393,0.8864859627658358,1.0
571,0.4672822044793917,0.8227839954926207,1.0
572,0.47571806232899416,0.5051427999324245,1.0
573,0.48353957746974785,0.6815101170032527,1.0
574,0.3298633200565758,0.939550808390109,1.0
575,0.23501408199435253,0.686833157283053,1.0
576,0.06641314832004974,0.6148029053470948,1.0
577,0.3531317907741517,0.5877296314320756,1.0
578,0.324073182990058,0.8954361500493608,1.0
579,0.48704842530388126,0.5248959981482983,1.0
580,0.15930730430240753,0.8729873543649717,1.0
581,0.21447052624938784,0.8967968387496978,1.0
582,0.17932039955654483,0.7046181167616841,1.0
583,0.23010672687555367,0.7790360722193166,1.0
584,0.2618874174507218,0.9173543034457186,1.0
585,0.07924549280847665,0.7240043917919647,1.0
586,0.10753425376081754,0.5299515404503481,1.0
587,0.12086676605591545,0.6911805025272393,1.0
588,0.29925945299602136,0.7822809918335321,1.0
589,0.08169407319385974,0.9023265017584544,1.0
590,0.3800918914402667,0.770236406764989,1.0
591,0.44031290899688574,0.9598462737663893,1.0
592,0.27131932377002527,0.814184735346855,1.0
593,0.03428693884769202,0.5995623625892662,1.0
594,0.45660871029871036,0.9397618715685823,1.0
595,0.16912873844126053,0.8435140559204017,1.0
596,0.4047596111180664,0.7322185673534546,1.0
597,0.10264463434859278,0.7302688055794622,1.0
598,0.23322036514675692,0.9905009013972605,1.0
599,0.49114612945781966,0.5494396969150404,1.0
600,0.22095270754945867,0.5871087515716209,1.0
601,0.228194386576133,0.6637614500030602,1.0
602,0.026363883876472205,0.616455912878203,1.0
603,0.23082354350245182,0.6106273342761244,1.0
604,0.1591152638799892,0.7900835950738676,1.0
605,0.4264012178438739,0.836645164181007,1.0
606,0.21455931804813277,0.6280132107461633,1.0
607,0.44111432377875814,0.8648903828567835,1.0
608,0.3051506238014829,0.691952636374146,1.0
609,0.27817174705110304,0.5689835001184147,1.0
610,0.31796558245865625,0.7055217555112543,1.0
611,0.17792117845443595,0.751724368807104,1.0
612,0.17457112969391297,0.7143776191074889,1.0
613,0.08551082474639576,0.8310110232353379,1.0
614,0.07787148714959463,0.6408225818879716,1.0
615,0.04185703514216044,0.8143959067407209,1.0
616,0.4071122816352799,0.6308974131855724,1.0
617,0.3973767109922042,0.8920902391764718,1.0
618,0.12325237851410292,0.7250956553728114,1.0
619,0.21786779169057557,0.9250093517628241,1.0
620,0.43095078857453545,0.7940313019976202,1.0
621,0.122785590237796,0.5047540304083089,1.0
622,0.1835662527599599,0.6145759049756674,1.0
623,0.4551166426403345,0.5318030735493726,1.0
624,0.21946277944852915,0.7915244505810091,1.0
625,0.0991990677317206,0.915389304511373,1.0
626,0.315168489593219,0.5290827416948352,1.0
627,0.22177117722394674,0.7387885379590293,1.0
628,0.23102714265655194,0.7710421079263667,1.0
629,0.24577868762459837,0.6728838632105827,1.0
630,0.17794931763127292,0.7013789029861022,1.0
631,0.12003972729991969,0.7830930889593886,1.0
632,0.2901578025099682,0.622664417365366,1.0
633,0.3608754946148188,0.6758180077949587,1.0
634,0.3450446672033625,0.7119098398512105,1.0
635,0.3957741839577562,0.6529628817561361,1.0
636,0.06533602170945463,0.6209211232294687,1.0
637,0.04469447800969789,0.9834306362191154,1.0
638,0.25037475454921343,0.5180867807612812,1.0
639,0.49396179246545274,0.6335341622254594,1.0
640,0.16379227051215245,0.597522919050413,1.0
641,0.07349947444480759,0.8210456496841931,1.0
642,0.2530778943507212,0.6747999513658416,1.0
643,0.02529662862166754,0.7262425102046749,1.0
644,0.0207040132291878,0.60717948672931,1.0
645,0.2978184391498252,0.9093178759584319,1.0
646,0.21501741415269682,0.6996855195436118,1.0
647,0.49162116880648155,0.5994247394326737,1.0
648,0.023698609846884988,0.5306257043661828,1.0
649,0.35790605576716067,0.969203805519123,1.0
650,0.40990080947184154,0.5329614899643841,1.0
651,0.1037513458539141,0.7889752001394421,1.0
652,0.1402811884895892,0.6139565410319211,1.0
653,0.25769184436967074,0.9880389832968416,1.0
654,0.31833745660281226,0.8307477552928715,1.0
655,0.3260686794555827,0.620808702128328,1.0
656,0.22263449325114593,0.8195404305375278,1.0
657,0.4922554397253047,0.994043246954411,1.0
658,0.4071887124824967,0.7240102362292286,1.0
659,0.09203643530369093,0.9470457121837685,1.0
660,0.3318466886071559,0.6314396466074235,1.0
661,0.0761125637809375,0.9062133520245259,1.0
662,0.21085122183292987,0.8879358229547254,1.0
663,0.3405243514532628,0.8926920989525606,1.0
664,0.4191697029617954,0.6882890619342474,1.0
665,0.42098779252367696,0.9765549627404138,1.0
666,0.26204044691051037,0.9486794241501064,1.0
667,0.24194436751039206,0.8064296973401301,1.0
668,0.23308389079650016,0.8896462577236746,1.0
669,0.3120827861908661,0.8452977534482673,1.0
670,0.2514440936169386,0.770582650160937,1.0
671,0.015166835286500369,0.9767327007181874,1.0
672,0.2361273188832711,0.8550979844529749,1.0
673,0.2323995932006776,0.9320700663564332,1.0
674,0.19143113412474144,0.6603255610578181,1.0
675,0.197145159993937,0.7098426287446331,1.0
676,0.18480318993099776,0.7002697017453545,1.0
677,0.2517389688887916,0.5703769634743301,1.0
678,0.22134397296152336,0.9089245222467244,1.0
679,0.2797407672052139,0.9268089646252915,1.0
680,0.20148465596922066,0.6631172886008199,1.0
681,0.47493691708383784,0.6590322712339787,1.0
682,0.2902502882657717,0.5911925834283821,1.0
683,0.0821354679883628,0.6872984149460231,1.0
684,0.19895743886335576,0.5377046151715209,1.0
685,0.22211716923782976,0.7337935907876898,1.0
686,0.16496623805697208,0.618387274616826,1.0
687,0.10779285962410912,0.8106666072977728,1.0
688,0.32126967884864405,0.9880664689844592,1.0
689,0.2026884300842573,0.9194092677349921,1.0
690,0.3036874020323194,0.6507225680609046,1.0
691,0.1887924669625745,0.6606896293944862,1.0
692,0.422122296766535,0.9132403159860005,1.0
693,0.16082810838194367,0.9009086571564664,1.0
694,0.3893233597804641,0.6036665761955865,1.0
695,0.16331330929973958,0.6140069229352784,1.0
696,0.4398155291496111,0.7574376044111328,1.0
697,0.08188836246928732,0.6440235315471885,1.0
698,0.2908783769112648,0.8463108461518679,1.0
699,0.09544971893828769,0.5139627824542539,1.0
700,0.3230003758367383,0.9706798881518535,1.0
701,0.37583678615792526,0.701786082279938,1.0
702,0.4768568377648037,0.5123924078709006,1.0
703,0.44029932306705205,0.7015999103334316,1.0
704,0.30720502218296963,0.9764234748441889,1.0
705,0.35033731048529804,0.5521588532226805,1.0
706,0.2357580718018611,0.8530766473875335,1.0
707,0.4287187330756249,0.5856174890773638,1.0
708,0.31503253328172615,0.7063610557988138,1.0
709,0.22574908711567765,0.550205279977158,1.0
710,0.14503600181757953,0.8872302523152684,1.0
711,0.020875906837088565,0.6447025909502022,1.0
712,0.03173867982398465,0.9763027969660172,1.0
713,0.3701571470139685,0.6036426164799564,1.0
714,0.4416943273327158,0.5475198297220822,1.0
715,0.34189065704997895,0.699182335470091,1.0
716,0.4506112718501005,0.6722766887073195,1.0
717,0.2871131259466329,0.8459021403602377,1.0
718,0.08853114703325066,0.6973803570714348,1.0
719,0.3978146696558545,0.9408235670887449,1.0
720,0.026498162842702067,0.721355408731895,1.0
721,0.4471712261277251,0.8191026022392085,1.0
722,0.29845913572787536,0.639963245706713,1.0
723,0.4304251700618821,0.9972934465462844,1.0
724,0.4110512992289873,0.6806007100559508,1.0
725,0.4324809637546855,0.6887580757662473,1.0
726,0.25990809450103325,0.8021692369262157,1.0
727,0.12076993856676604,0.5451345046336213,1.0
728,0.4876708791927652,0.6068632609270925,1.0
729,0.4162656112230415,0.6596133266566111,1.0
730,0.11872150857597646,0.7048636913106845,1.0
731,0.1427901100335069,0.7938827251449652,1.0
732,0.28166361208268453,0.7790094638181819,1.0
733,0.4992015860392853,0.8894060745489261,1.0
734,0.25302486439219884,0.723892659253941,1.0
735,0.32979901738611517,0.8527576136266148,1.0
736,0.21133199607316877,0.5477760703275425,1.0
737,0.23957388171609478,0.9348686599740348,1.0
738,0.35080130983628516,0.6118898345325509,1.0
739,0.40672307570203925,0.8602713389236996,1.0
740,0.3160793246068254,0.944233472293676,1.0
741,0.18472880203657221,0.6873905771626208,1.0
742,0.4651654821377296,0.5773503931046835,1.0
743,0.4356388065300607,0.5903981305127555,1.0
744,0.46684871851555376,0.5057949573055963,1.0
745,0.349683425370183,0.9459952198095716,1.0
746,0.10511245520537743,0.6453268620535481,1.0
747,0.37903612312499463,0.7617521602334105,1.0
748,0.00556796610275806,0.7611878401886956,1.0
749,0.49167040842547727,0.6360734587678335,1.0
750,0.8541701850439031,0.17092122146289823,1.0
751,0.9722589221493485,0.39702091147598967,1.0
752,0.6923148391878163,0.3922547558366995,1.0
753,0.9260947675028626,0.26791634567970274,1.0
754,0.7394023047780478,0.46372788779079266,1.0
755,0.9641569025740366,0.23473786617377923,1.0
756,0.8614803194969693,0.09545032146642718,1.0
757,0.973071454570821,0.08754219628329551,1.0
758,0.772370077122236,0.0020865738451624205,1.0
759,0.9512731806407166,0.27991508836555307,1.0
760,0.7635100766821961,0.30168705626986236,1.0
761,0.8350533716797659,0.3945115192117174,1.0
762,0.765918197938267,0.19844700213102068,1.0
763,0.6115690254047002,0.4064578769586151,1.0
764,0.5409154675326493,0.13038295945091538,1.0
765,0.7218371234524145,0.19736359410923726,1.0
766,0.9217240602459407,0.05912133624059329,1.0
767,0.8343993346048961,0.17479046424763411,1.0
768,0.6655465847873195,0.20751512205670736,1.0
769,0.5849462515664202,0.2037496170134172,1.0
770,0.7764920443371428,0.3629862373201018,1.0
771,0.981645609533185,0.466789936459552,1.0
772,0.800344311752008,0.07938953914172653,1.0
773,0.9883349760034572,0.047655352023796005,1.0
774,0.8146788869113266,0.1657568367436092,1.0
775,0.9553243907461271,0.11679281877859404,1.0
776,0.6441530764682817,0.1759327079751436,1.0
777,0.9337606516407446,0.49328043870323107,1.0
778,0.9714715907739457,0.16434869775200522,1.0
779,0.7077076538493186,0.4528581982177825,1.0
780,0.5010099489738647,0.06277956743619134,1.0
781,0.8387953761122293,0.3255066871180647,1.0
782,0.5748441043130184,0.37304272842862635,1.0
783,0.6834946544488183,0.1664374284115645,1.0
784,0.6480145477600234,0.2643763953189386,1.0
785,0.8929643708871343,0.13006426804862725,1.0
786,0.9673950643506184,0.32111768173072736,1.0
787,0.5221457583691931,0.19698673527811256,1.0
788,0.7045617703690559,0.11195079848236467,1.0
789,0.5915321752151892,0.11816203929391289,1.0
790,0.5440171236886162,0.49181987939592764,1.0
791,0.5101761898674162,0.3823653163068977,1.0
792,0.876046241974167,0.2321195752641348,1.0
793,0.6186228056514872,0.05482561548775583,1.0
794,0.7929965526675564,0.4666060884676158,1.0
795,0.8626282477080374,0.33858963156855376,1.0
796,0.6106069554320939,0.16663230570236187,1.0
797,0.8169380016599921,0.2717984073018296,1.0
798,0.5348857150167573,0.37676251089183077,1.0
799,0.961458689692133,0.11384820404818918,1.0
800,0.6974552468297046,0.04331576683761629,1.0
801,0.5921816213236979,0.041131662118415124,1.0
802,0.5857797528533641,0.415897883715058,1.0
803,0.6582188062814938,0.03312777631969033,1.0
804,0.8152648911038185,0.0702028013420884,1.0
805,0.9566884210723581,0.3685184042304131,1.0
806,0.8008791461553688,0.009596324743340101,1.0
807,0.6496435271665891,0.35569751888507506,1.0
808,0.88097149894654,0.29323256661010594,1.0
809,0.553509208531255,0.4245514623559787,1.0
810,0.6403267913620341,0.16051565873937368,1.0
811,0.6528820429254504,0.28072952669343704,1.0
812,0.6179291173737835,0.43654153494317866,1.0
813,0.8237182234053663,0.28550586472384115,1.0
814,0.5754921423429775,0.22284262369220187,1.0
815,0.9908789614210997,0.38639805900840146,1.0
816,0.6652547234042885,0.3129586027832945,1.0
817,0.6551566622759197,0.3695043035931241,1.0
818,0.5695647119680556,0.27846596238901644,1.0
819,0.6937157328164089,0.029856674951472595,1.0
820,0.5164035260320738,0.1288423144938935,1.0
821,0.5632998175587824,0.1523613759923793,1.0
822,0.963935687228759,0.33059359652283965,1.0
823,0.7522031769283065,0.05776311135405182,1.0
824,0.9613986044781558,0.10552419711049071,1.0
825,0.6217118352737705,0.12615679106751315,1.0
826,0.8681782364018537,0.04086749094262737,1.0
827,0.6332130817996237,0.04973488834158413,1.0
828,0.9726136931207394,0.0609807146300646,1.0
829,0.5282618413820419,0.16529414087936128,1.0
830,0.7394507367580325,0.14430480328908402,1.0
831,0.6811535732493312,0.35978920369093725,1.0
832,0.9337512834652055,0.026883448336224636,1.0
833,0.8915150858093137,0.02967624440263572,1.0
834,0.6699812523621622,0.24899561198072723,1.0
835,0.5846103109458256,0.16112179272903882,1.0
836,0.8037240154739917,0.3446519728136719,1.0
837,0.6094330611027512,0.021956207051135768,1.0
838,0.6821307224044683,0.20926371474997285,1.0
839,0.8128127502128712,0.029137940517674266,1.0
840,0.9768925543176237,0.13864339327214303,1.0
841,0.5369646975933381,0.46580801075497963,1.0
842,0.830056098980814,0.4485364117428808,1.0
843,0.9981757472275647,0.0938144063925857,1.0
844,0.5143532184088009,0.399660603041797,1.0
845,0.522608937635723,0.27562682257774224,1.0
846,0.7828418847028482,0.42208782946462475,1.0
847,0.8076547819036618,0.3141777952190151,1.0
848,0.7531892823206731,0.2897459728109966,1.0
849,0.8139974281274472,0.1084468861950042,1.0
850,0.86753134281223,0.14861710695577113,1.0
851,0.6524113760769318,0.4226529132940085,1.0
852,0.9013935302903185,0.387478940986422,1.0
853,0.550674767778947,0.38301861005363036,1.0
854,0.9861370724869245,0.38879379747330506,1.0
855,0.8553047782097438,0.04027220551126276,1.0
856,0.554365724486061,0.4239121436391155,1.0
857,0.715540514877724,0.10717770565478574,1.0
858,0.8146298458026036,0.17240496759949037,1.0
859,0.7134179596510529,0.39504163323093827,1.0
860,0.8075674896876807,0.21845168877771076,1.0
861,0.6885433566314363,0.3309307852881365,1.0
862,0.9073946446236414,0.0947444740420571,1.0
863,0.7555360342701187,0.17850130558044475,1.0
864,0.9844666272772903,0.44397798010872935,1.0
865,0.5167060367996019,0.1303740520859502,1.0
866,0.8785443643481937,0.03315576439124901,1.0
867,0.6898460635431238,0.4196488847429627,1.0
868,0.7305012692983921,0.23358646383395515,1.0
869,0.716224919899037,0.17051821081493995,1.0
870,0.6686695950573568,0.20852580934264686,1.0
871,0.9148817153652858,0.2268595924306206,1.0
872,0.9684297626174454,0.3562118715944445,1.0
873,0.9366205065456645,0.2911333244582128,1.0
874,0.532178629601507,0.3807580002124783,1.0
875,0.582653922050339,0.0007651499302185338,1.0
876,0.6021017019434303,0.026772436605053518,1.0
877,0.8891709273597161,0.23702274412171553,1.0
878,0.9509585998446237,0.1224508947929705,1.0
879,0.8231804185071068,0.12470051706005925,1.0
880,0.6049697634055373,0.10851918663498605,1.0
881,0.9522984386704685,0.32500976847454666,1.0
882,0.7503226485715053,0.16134063171161184,1.0
883,0.9066678495550011,0.26169448232132553,1.0
884,0.5548837980960621,0.255874652656843,1.0
885,0.7767559028280627,0.12778844690168684,1.0
886,0.7622794296301255,0.4972316580930829,1.0
887,0.7736881355906622,0.12248316496998102,1.0
888,0.5230798516014286,0.3322059085986042,1.0
889,0.7162894670214881,0.0034301267276575786,1.0
890,0.9765784527231127,0.0627024096470783,1.0
891,0.9132811219758508,0.1375228396240707,1.0
892,0.5305807252316446,0.34466645253686745,1.0
893,0.9464451605417699,0.22366717391232005,1.0
894,0.5724888413754727,0.2444024170792689,1.0
895,0.8092288721616623,0.259010894548258,1.0
896,0.6921809306796293,0.4469548073240365,1.0
897,0.6755100507771157,0.30613986719593855,1.0
898,0.5303346130914345,0.4555679032882019,1.0
899,0.9111438024736003,0.2065446595900936,1.0
900,0.5930148516907108,0.217153598207247,1.0
901,0.9236747424187922,0.4259809099867449,1.0
902,0.7309900486226353,0.022981010120163015,1.0
903,0.8790626437786482,0.2024527939366611,1.0
904,0.8274511542500638,0.4305095487669309,1.0
905,0.697955971796653,0.03318746366582809,1.0
906,0.5979777382041558,0.2811473290101774,1.0
907,0.6740725546852642,0.13140809961367805,1.0
908,0.6517986038165704,0.4371820046741696,1.0
909,0.8839867598043382,0.1510260575298379,1.0
910,0.6751897184693061,0.07202079020151436,1.0
911,0.9581136713652699,0.3459515602755596,1.0
912,0.5215683062754457,0.49672057152381655,1.0
913,0.8360163308655262,0.07538516558436409,1.0
914,0.5526099749031947,0.225310284087736,1.0
915,0.8723301672905086,0.003857827942458314,1.0
916,0.8233752809409765,0.2256838741595401,1.0
917,0.6218099603553898,0.18960682784195476,1.0
918,0.6851156608730111,0.29416979543626626,1.0
919,0.7251299666145711,0.1383516173782554,1.0
920,0.721595322674049,0.4312920703467548,1.0
921,0.6444544922337354,0.2861115815147369,1.0
922,0.7063516005543236,0.4306825359493451,1.0
923,0.7600274392715896,0.17035853940325307,1.0
924,0.6860557735560429,0.49089581724684633,1.0
925,0.7354197070851339,0.06618539871597201,1.0
926,0.5057892337094378,0.3288971301352337,1.0
927,0.585462576042022,0.46480069450319544,1.0
928,0.500729540504093,0.4931038557129873,1.0
929,0.6259238517269909,0.03793811855167756,1.0
930,0.909265459047228,0.4494478147489037,1.0
931,0.7553466258037524,0.21225570084138362,1.0
932,0.5790360293634279,0.35712015233168326,1.0
933,0.882548890397737,0.4890224125051299,1.0
934,0.5160135232569154,0.2529124983351162,1.0
935,0.8687150502604878,0.1488216358726393,1.0
936,0.9711892807509813,0.11035654002816347,1.0
937,0.5135289885786102,0.3808384067109832,1.0
938,0.8489267906414597,0.37710224296299877,1.0
939,0.764747039735099,0.36204772170460764,1.0
940,0.8204325956883246,0.37530733821619916,1.0
941,0.5742971451895822,0.043171549219787,1.0
942,0.9084184915901414,0.05641508114394744,1.0
943,0.8617932502372743,0.15496783296775896,1.0
944,0.9344890692684854,0.2408607841036744,1.0
945,0.680651128474975,0.1667456579408979,1.0
946,0.5165779944669933,0.0344828534025175,1.0
947,0.5482875498938288,0.0849832974615864,1.0
948,0.8143918679360187,0.4839185229903487,1.0
949,0.6304097340057913,0.15284545822173362,1.0
950,0.7115435664961568,0.3541097296320726,1.0
951,0.9882764695516224,0.4251702349896975,1.0
952,0.8339068062971937,0.3593693556708563,1.0
953,0.684542941507877,0.09103392427749024,1.0
954,0.9799338332571106,0.4089784112400376,1.0
955,0.642687239155542,0.21091317831602036,1.0
956,0.6330160127271449,0.08274200970648671,1.0
957,0.5108526012191665,0.12098482454168502,1.0
958,0.6646668011613708,0.3537081123770673,1.0
959,0.8563729826502473,0.2742014459463787,1.0
960,0.7332047712590852,0.2174417118933462,1.0
961,0.5957225420471268,0.2313083885914468,1.0
962,0.5872225320813935,0.3664579522708792,1.0
963,0.8615000628178678,0.007784629868550441,1.0
964,0.7535553398827264,0.08716677252663818,1.0
965,0.8305160257225042,0.18406149211685224,1.0
966,0.8822391751982503,0.17310345117763082,1.0
967,0.7416940416361504,0.4867188300974032,1.0
968,0.5136203063234606,0.037832478135398695,1.0
969,0.642502637944776,0.056786446493679754,1.0
970,0.7517930217590161,0.31630869370250647,1.0
971,0.7109216821026967,0.026006407743830118,1.0
972,0.6150618935889445,0.1265074207271828,1.0
973,0.808636967445518,0.03857209754714719,1.0
974,0.8155070197968571,0.1429122944723869,1.0
975,0.9045785546829748,0.3138867123216178,1.0
976,0.920810060253863,0.09437267748171657,1.0
977,0.8734855551590256,0.11581791076981296,1.0
978,0.9834049675255878,0.2534869721315967,1.0
979,0.9550480050349751,0.047274494525133326,1.0
980,0.7899369088748979,0.21689121859747384,1.0
981,0.7730893733188473,0.3058335960540011,1.0
982,0.6521459186535333,0.2854294882754016,1.0
983,0.8408529621850208,0.4378510718084866,1.0
984,0.8764766262165689,0.3452106912123561,1.0
985,0.9739425631584993,0.07988520399925525,1.0
986,0.7425805350131797,0.22715759901144222,1.0
987,0.9208290691801111,0.18199925828341323,1.0
988,0.6306665772834957,0.3602621520605707,1.0
989,0.6693732284000736,0.18048488791567963,1.0
990,0.7369891052545405,0.41902517232740866,1.0
991,0.8801634299853132,0.1802679027915688,1.0
992,0.665544267210346,0.31148362836526655,1.0
993,0.9061617038726966,0.12187366552671142,1.0
994,0.9215259963699735,0.1917302172519239,1.0
995,0.9428906955111005,0.1964575159140164,1.0
996,0.9376851772108887,0.03403787587885804,1.0
997,0.5897796578742742,0.35574943828810307,1.0
998,0.7147170950828853,0.2717533735823953,1.0
999,0.7335059317181161,0.4127479363763791,1.0
